country,indicator,year,value
Chile,GDP_USD,1960,4211103676.74027
Chile,GDP_USD,1961,4948564550.91046
Chile,GDP_USD,1962,5765971144.47142
Chile,GDP_USD,1963,5702520146.03167
Chile,GDP_USD,1964,6065708668.32735
Chile,GDP_USD,1965,6183988944.34606
Chile,GDP_USD,1966,7256882086.19585
Chile,GDP_USD,1967,7145068067.64138
Chile,GDP_USD,1968,7286820526.02462
Chile,GDP_USD,1969,8456519044.38223
Chile,GDP_USD,1970,9261006540.15907
Chile,GDP_USD,1971,10999807567.1235
Chile,GDP_USD,1972,12057501634.979
Chile,GDP_USD,1973,17237336172.7878
Chile,GDP_USD,1974,16584311220.1384
Chile,GDP_USD,1975,7812161793.11971
Chile,GDP_USD,1976,10523479088.8075
Chile,GDP_USD,1977,14272711436.7475
Chile,GDP_USD,1978,16373093553.7155
Chile,GDP_USD,1979,22249574627.6911
Chile,GDP_USD,1980,29586676576.0951
Chile,GDP_USD,1981,35180322211.2903
Chile,GDP_USD,1982,19710229067.2864
Chile,GDP_USD,1983,20629678694.0684
Chile,GDP_USD,1984,19974595028.1582
Chile,GDP_USD,1985,17933557359.8036
Chile,GDP_USD,1986,19197818084.6757
Chile,GDP_USD,1987,22605488850.8981
Chile,GDP_USD,1988,26174858613.8456
Chile,GDP_USD,1989,30101767991.1135
Chile,GDP_USD,1990,33428580448.2715
Chile,GDP_USD,1991,38232330917.2011
Chile,GDP_USD,1992,46538895685.8088
Chile,GDP_USD,1993,49934943320.8828
Chile,GDP_USD,1994,57438273591.0521
Chile,GDP_USD,1995,73820425701.6603
Chile,GDP_USD,1996,78584098983.6374
Chile,GDP_USD,1997,85741415285.165
Chile,GDP_USD,1998,81990010704.0602
Chile,GDP_USD,1999,75578685735.5219
Chile,GDP_USD,2000,78339750721.364
Chile,GDP_USD,2001,71574739561.4329
Chile,GDP_USD,2002,70264045939.2773
Chile,GDP_USD,2003,76492579644.0605
Chile,GDP_USD,2004,99075985773.6682
Chile,GDP_USD,2005,122294145163.192
Chile,GDP_USD,2006,153843518170.864
Chile,GDP_USD,2007,172491076033.863
Chile,GDP_USD,2008,179894594475.405
Chile,GDP_USD,2009,171777900623.892
Chile,GDP_USD,2010,217051209238.534
Chile,GDP_USD,2011,251382573893.87
Chile,GDP_USD,2012,267024782486.855
Chile,GDP_USD,2013,277395018842.417
Chile,GDP_USD,2014,259560978224.359
Chile,GDP_USD,2015,242450355830.884
Chile,GDP_USD,2016,249344863928.438
Chile,GDP_USD,2017,276154259981.097
Chile,GDP_USD,2018,295857562991.709
Chile,GDP_USD,2019,278285058719.466
Chile,GDP_USD,2020,254042159309.311
Chile,GDP_USD,2021,315325547162.072
Chile,GDP_USD,2022,301226575540.242
Chile,GDP_USD,2023,335518054097.637
Chile,GDP_USD,2024,330267137371.592
China,GDP_USD,1960,59846235024.7318
China,GDP_USD,1961,50162299349.7871
China,GDP_USD,1962,47310737754.2287
China,GDP_USD,1963,50812227918.5753
China,GDP_USD,1964,59821862703.4023
China,GDP_USD,1965,70565994356.1828
China,GDP_USD,1966,76854053259.209
China,GDP_USD,1967,73011350596.2485
China,GDP_USD,1968,70980323818.7853
China,GDP_USD,1969,79847786729.1898
China,GDP_USD,1970,92752930873.1912
China,GDP_USD,1971,99959013879.6308
China,GDP_USD,1972,113871930713.841
China,GDP_USD,1973,138764340892.0
China,GDP_USD,1974,144418433058.472
China,GDP_USD,1975,163687619735.857
China,GDP_USD,1976,154196810058.643
China,GDP_USD,1977,175226595859.778
China,GDP_USD,1978,149788617886.179
China,GDP_USD,1979,178573913043.478
China,GDP_USD,1980,191487500000.0
China,GDP_USD,1981,196218253968.254
China,GDP_USD,1982,205480916030.534
China,GDP_USD,1983,231130268199.234
China,GDP_USD,1984,260442857142.857
China,GDP_USD,1985,310064625850.34
China,GDP_USD,1986,301310144927.536
China,GDP_USD,1987,273455156950.673
China,GDP_USD,1988,312888888888.889
China,GDP_USD,1989,348380566801.619
China,GDP_USD,1990,361560229445.507
China,GDP_USD,1991,384510452961.672
China,GDP_USD,1992,428502354788.069
China,GDP_USD,1993,446557291212.148
China,GDP_USD,1994,566929539493.172
China,GDP_USD,1995,738190896227.55
China,GDP_USD,1996,868523936530.083
China,GDP_USD,1997,967753570434.667
China,GDP_USD,1998,1037134141760.35
China,GDP_USD,1999,1103843203575.64
China,GDP_USD,2000,1223754919971.05
China,GDP_USD,2001,1355036590251.52
China,GDP_USD,2002,1489821682050.54
China,GDP_USD,2003,1683903309843.85
China,GDP_USD,2004,1984196551300.44
China,GDP_USD,2005,2317551298052.05
China,GDP_USD,2006,2791498472804.33
China,GDP_USD,2007,3604055822571.63
China,GDP_USD,2008,4667346414521.95
China,GDP_USD,2009,5189577094997.58
China,GDP_USD,2010,6192564874453.29
China,GDP_USD,2011,7671757207851.29
China,GDP_USD,2012,8673664713189.24
China,GDP_USD,2013,9743124247267.24
China,GDP_USD,2014,10674533168257.4
China,GDP_USD,2015,11280814787468.9
China,GDP_USD,2016,11456024084962.0
China,GDP_USD,2017,12537559062282.9
China,GDP_USD,2018,14147765772963.8
China,GDP_USD,2019,14560167101283.4
China,GDP_USD,2020,14996414166715.1
China,GDP_USD,2021,18201698719564.0
China,GDP_USD,2022,18316765021690.2
China,GDP_USD,2023,18270356654533.2
China,GDP_USD,2024,18743803170827.2
Chile,GDP_per_capita_USD,1960,516.487539077836
Chile,GDP_per_capita_USD,1961,594.436306222113
Chile,GDP_per_capita_USD,1962,678.584336588862
Chile,GDP_per_capita_USD,1963,657.719196593697
Chile,GDP_per_capita_USD,1964,685.970202891974
Chile,GDP_per_capita_USD,1965,686.123541995524
Chile,GDP_per_capita_USD,1966,790.361773771396
Chile,GDP_per_capita_USD,1967,764.265128656993
Chile,GDP_per_capita_USD,1968,765.847401648627
Chile,GDP_per_capita_USD,1969,873.581889905917
Chile,GDP_per_capita_USD,1970,940.648345061287
Chile,GDP_per_capita_USD,1971,1098.91469956231
Chile,GDP_per_capita_USD,1972,1185.04994801594
Chile,GDP_per_capita_USD,1973,1666.99542750899
Chile,GDP_per_capita_USD,1974,1578.5836760852
Chile,GDP_per_capita_USD,1975,732.054406775965
Chile,GDP_per_capita_USD,1976,970.957314866348
Chile,GDP_per_capita_USD,1977,1296.86854720323
Chile,GDP_per_capita_USD,1978,1465.45605636916
Chile,GDP_per_capita_USD,1979,1962.08185606537
Chile,GDP_per_capita_USD,1980,2570.84311890682
Chile,GDP_per_capita_USD,1981,3012.3447816477
Chile,GDP_per_capita_USD,1982,1663.28043251256
Chile,GDP_per_capita_USD,1983,1715.40345654344
Chile,GDP_per_capita_USD,1984,1636.22476246476
Chile,GDP_per_capita_USD,1985,1446.80604557863
Chile,GDP_per_capita_USD,1986,1524.97809458987
Chile,GDP_per_capita_USD,1987,1767.41389670161
Chile,GDP_per_capita_USD,1988,2013.53987790886
Chile,GDP_per_capita_USD,1989,2277.84764297202
Chile,GDP_per_capita_USD,1990,2487.76829657299
Chile,GDP_per_capita_USD,1991,2798.34262413795
Chile,GDP_per_capita_USD,1992,3351.84108855522
Chile,GDP_per_capita_USD,1993,3540.91377313015
Chile,GDP_per_capita_USD,1994,4012.10159912285
Chile,GDP_per_capita_USD,1995,5081.4682771561
Chile,GDP_per_capita_USD,1996,5333.50438729711
Chile,GDP_per_capita_USD,1997,5741.95842989596
Chile,GDP_per_capita_USD,1998,5419.82417297191
Chile,GDP_per_capita_USD,1999,4933.55581516755
Chile,GDP_per_capita_USD,2000,5052.99245766325
Chile,GDP_per_capita_USD,2001,4563.5952986689
Chile,GDP_per_capita_USD,2002,4430.84741157984
Chile,GDP_per_capita_USD,2003,4773.40177520754
Chile,GDP_per_capita_USD,2004,6120.59152055344
Chile,GDP_per_capita_USD,2005,7480.32330998636
Chile,GDP_per_capita_USD,2006,9318.65655296121
Chile,GDP_per_capita_USD,2007,10346.4138184533
Chile,GDP_per_capita_USD,2008,10683.2188772511
Chile,GDP_per_capita_USD,2009,10098.8017167286
Chile,GDP_per_capita_USD,2010,12632.8704724192
Chile,GDP_per_capita_USD,2011,14487.3927832032
Chile,GDP_per_capita_USD,2012,15241.9069981119
Chile,GDP_per_capita_USD,2013,15683.5486369155
Chile,GDP_per_capita_USD,2014,14529.6767206336
Chile,GDP_per_capita_USD,2015,13433.9202987032
Chile,GDP_per_capita_USD,2016,13649.8520452803
Chile,GDP_per_capita_USD,2017,14879.9086227187
Chile,GDP_per_capita_USD,2018,15659.4808675628
Chile,GDP_per_capita_USD,2019,14495.716721687
Chile,GDP_per_capita_USD,2020,13114.815470545
Chile,GDP_per_capita_USD,2021,16206.8325493421
Chile,GDP_per_capita_USD,2022,15405.6165774073
Chile,GDP_per_capita_USD,2023,17067.0364799154
Chile,GDP_per_capita_USD,2024,16709.8893972307
China,GDP_per_capita_USD,1960,89.7150749167731
China,GDP_per_capita_USD,1961,75.9655011127574
China,GDP_per_capita_USD,1962,71.0616845971262
China,GDP_per_capita_USD,1963,74.4681540864463
China,GDP_per_capita_USD,1964,85.6611074645449
China,GDP_per_capita_USD,1965,98.6681688740435
China,GDP_per_capita_USD,1966,104.50646350178
China,GDP_per_capita_USD,1967,96.7614480104016
China,GDP_per_capita_USD,1968,91.6454581848979
China,GDP_per_capita_USD,1969,100.308139479526
China,GDP_per_capita_USD,1970,113.346243039894
China,GDP_per_capita_USD,1971,118.84249157909
China,GDP_per_capita_USD,1972,132.097410431007
China,GDP_per_capita_USD,1973,157.339888078555
China,GDP_per_capita_USD,1974,160.402546852304
China,GDP_per_capita_USD,1975,178.621249282085
China,GDP_per_capita_USD,1976,165.680987722637
China,GDP_per_capita_USD,1977,185.728620718294
China,GDP_per_capita_USD,1978,156.655616850835
China,GDP_per_capita_USD,1979,184.285853059043
China,GDP_per_capita_USD,1980,195.149479992051
China,GDP_per_capita_USD,1981,197.425510967822
China,GDP_per_capita_USD,1982,203.722788366928
China,GDP_per_capita_USD,1983,225.86534696156
China,GDP_per_capita_USD,1984,251.192686463827
China,GDP_per_capita_USD,1985,295.007445815897
China,GDP_per_capita_USD,1986,282.445603096707
China,GDP_per_capita_USD,1987,252.256760114454
China,GDP_per_capita_USD,1988,284.023573149686
China,GDP_per_capita_USD,1989,311.429461227032
China,GDP_per_capita_USD,1990,318.50335359039
China,GDP_per_capita_USD,1991,334.130288119078
China,GDP_per_capita_USD,1992,367.822651903542
China,GDP_per_capita_USD,1993,378.939353053314
China,GDP_per_capita_USD,1994,475.677874448369
China,GDP_per_capita_USD,1995,612.680277898627
China,GDP_per_capita_USD,1996,713.337387811657
China,GDP_per_capita_USD,1997,786.743548510999
China,GDP_per_capita_USD,1998,835.095348597432
China,GDP_per_capita_USD,1999,881.146614068925
China,GDP_per_capita_USD,2000,969.199513696287
China,GDP_per_capita_USD,2001,1065.40597574519
China,GDP_per_capita_USD,2002,1163.55957673426
China,GDP_per_capita_USD,2003,1306.97245408557
China,GDP_per_capita_USD,2004,1530.92726215723
China,GDP_per_capita_USD,2005,1777.64496828464
China,GDP_per_capita_USD,2006,2129.25696999613
China,GDP_per_capita_USD,2007,2734.72709877693
China,GDP_per_capita_USD,2008,3523.44302065213
China,GDP_per_capita_USD,2009,3898.24459158811
China,GDP_per_capita_USD,2010,4629.24551710077
China,GDP_per_capita_USD,2011,5703.76027973346
China,GDP_per_capita_USD,2012,6405.0574241349
China,GDP_per_capita_USD,2013,7147.03518622344
China,GDP_per_capita_USD,2014,7781.06597484974
China,GDP_per_capita_USD,2015,8175.33285077393
China,GDP_per_capita_USD,2016,8254.86859320357
China,GDP_per_capita_USD,2017,8979.67652709856
China,GDP_per_capita_USD,2018,10085.6638148819
China,GDP_per_capita_USD,2019,10342.9009524335
China,GDP_per_capita_USD,2020,10627.4637989619
China,GDP_per_capita_USD,2021,12887.4357242941
China,GDP_per_capita_USD,2022,12970.6056414327
China,GDP_per_capita_USD,2023,12951.1782397043
China,GDP_per_capita_USD,2024,13303.1481543868
Chile,Exports_pct_GDP,1960,12.7427185864127
Chile,Exports_pct_GDP,1961,11.1295189323154
Chile,Exports_pct_GDP,1962,11.0860645266395
Chile,Exports_pct_GDP,1963,12.0580300116494
Chile,Exports_pct_GDP,1964,12.0441503024268
Chile,Exports_pct_GDP,1965,13.1158083669341
Chile,Exports_pct_GDP,1966,14.1540048756479
Chile,Exports_pct_GDP,1967,13.8754979421584
Chile,Exports_pct_GDP,1968,13.5209343390996
Chile,Exports_pct_GDP,1969,15.8956424620006
Chile,Exports_pct_GDP,1970,14.1746033324124
Chile,Exports_pct_GDP,1971,10.716133229753
Chile,Exports_pct_GDP,1972,9.38247125248678
Chile,Exports_pct_GDP,1973,12.9847521804698
Chile,Exports_pct_GDP,1974,19.0915586902565
Chile,Exports_pct_GDP,1975,23.5245398375081
Chile,Exports_pct_GDP,1976,23.521081168837
Chile,Exports_pct_GDP,1977,19.30299696202
Chile,Exports_pct_GDP,1978,19.3577462434404
Chile,Exports_pct_GDP,1979,21.6869463205334
Chile,Exports_pct_GDP,1980,21.2684484447529
Chile,Exports_pct_GDP,1981,15.2466633451147
Chile,Exports_pct_GDP,1982,18.4422561478579
Chile,Exports_pct_GDP,1983,23.1190708543507
Chile,Exports_pct_GDP,1984,22.4552872653066
Chile,Exports_pct_GDP,1985,25.9350262014508
Chile,Exports_pct_GDP,1986,26.8922386904566
Chile,Exports_pct_GDP,1987,27.899127374623
Chile,Exports_pct_GDP,1988,32.3093535908079
Chile,Exports_pct_GDP,1989,33.5152629480169
Chile,Exports_pct_GDP,1990,32.2119449244153
Chile,Exports_pct_GDP,1991,30.9848794845346
Chile,Exports_pct_GDP,1992,28.5950704800945
Chile,Exports_pct_GDP,1993,25.5450555023598
Chile,Exports_pct_GDP,1994,27.2530179794726
Chile,Exports_pct_GDP,1995,28.4806033041148
Chile,Exports_pct_GDP,1996,25.9504475024431
Chile,Exports_pct_GDP,1997,25.878004271776
Chile,Exports_pct_GDP,1998,25.1435814171693
Chile,Exports_pct_GDP,1999,28.309113885765
Chile,Exports_pct_GDP,2000,30.1237538780926
Chile,Exports_pct_GDP,2001,31.8473112661696
Chile,Exports_pct_GDP,2002,32.2572203545438
Chile,Exports_pct_GDP,2003,35.0609745308001
Chile,Exports_pct_GDP,2004,39.6857495120642
Chile,Exports_pct_GDP,2005,40.1755720109201
Chile,Exports_pct_GDP,2006,43.8656742009237
Chile,Exports_pct_GDP,2007,45.1298518955866
Chile,Exports_pct_GDP,2008,41.1625607908642
Chile,Exports_pct_GDP,2009,37.1156347956721
Chile,Exports_pct_GDP,2010,37.9039943184914
Chile,Exports_pct_GDP,2011,37.6897802745717
Chile,Exports_pct_GDP,2012,33.8455905043756
Chile,Exports_pct_GDP,2013,32.087463589174
Chile,Exports_pct_GDP,2014,33.0039029664774
Chile,Exports_pct_GDP,2015,29.1910794903324
Chile,Exports_pct_GDP,2016,27.9231581098221
Chile,Exports_pct_GDP,2017,28.3313768341631
Chile,Exports_pct_GDP,2018,28.5290447397579
Chile,Exports_pct_GDP,2019,27.8746677570512
Chile,Exports_pct_GDP,2020,31.3303902428612
Chile,Exports_pct_GDP,2021,31.9927952679237
Chile,Exports_pct_GDP,2022,35.6066282723137
Chile,Exports_pct_GDP,2023,30.8110620735322
Chile,Exports_pct_GDP,2024,33.7233211746608
China,Exports_pct_GDP,1960,3.14649701726736
China,Exports_pct_GDP,1961,3.00147724389829
China,Exports_pct_GDP,1962,3.18187809249592
China,Exports_pct_GDP,1963,3.279427154169
China,Exports_pct_GDP,1964,3.24105588221634
China,Exports_pct_GDP,1965,3.18368644911352
China,Exports_pct_GDP,1966,3.08454778826638
China,Exports_pct_GDP,1967,2.95280114994993
China,Exports_pct_GDP,1968,2.97927634903285
China,Exports_pct_GDP,1969,2.77326409498398
China,Exports_pct_GDP,1970,2.45191173862661
China,Exports_pct_GDP,1971,2.71152734986346
China,Exports_pct_GDP,1972,3.10630545897125
China,Exports_pct_GDP,1973,4.29453198256321
China,Exports_pct_GDP,1974,4.99456118394499
China,Exports_pct_GDP,1975,4.87182232405151
China,Exports_pct_GDP,1976,4.8253916518573
China,Exports_pct_GDP,1977,4.72021382337347
China,Exports_pct_GDP,1978,7.2109217325228
China,Exports_pct_GDP,1979,7.8189696143358
China,Exports_pct_GDP,1980,10.1341967491351
China,Exports_pct_GDP,1981,12.4198281796671
China,Exports_pct_GDP,1982,10.9986490384497
China,Exports_pct_GDP,1983,9.49953661216008
China,Exports_pct_GDP,1984,9.50853686392573
China,Exports_pct_GDP,1985,8.32129856902917
China,Exports_pct_GDP,1986,8.69621588638232
China,Exports_pct_GDP,1987,12.4601248299538
China,Exports_pct_GDP,1988,14.3577170443892
China,Exports_pct_GDP,1989,11.8235049297269
China,Exports_pct_GDP,1990,13.5882641172526
China,Exports_pct_GDP,1991,14.4450323111337
China,Exports_pct_GDP,1992,15.6002410213269
China,Exports_pct_GDP,1993,16.6339975209836
China,Exports_pct_GDP,1994,18.4515778259707
China,Exports_pct_GDP,1995,17.8624291729756
China,Exports_pct_GDP,1996,17.8247104643429
China,Exports_pct_GDP,1997,19.3692945938508
China,Exports_pct_GDP,1998,18.1992267514817
China,Exports_pct_GDP,1999,18.0006905864312
China,Exports_pct_GDP,2000,20.681599363293
China,Exports_pct_GDP,2001,20.0776873829946
China,Exports_pct_GDP,2002,22.3518233715808
China,Exports_pct_GDP,2003,26.6023738514511
China,Exports_pct_GDP,2004,30.6097162464404
China,Exports_pct_GDP,2005,33.3687977498922
China,Exports_pct_GDP,2006,35.5268468681701
China,Exports_pct_GDP,2007,34.9066956194649
China,Exports_pct_GDP,2008,32.092513602143
China,Exports_pct_GDP,2009,24.3307718125403
China,Exports_pct_GDP,2010,26.7227451502469
China,Exports_pct_GDP,2011,26.1518828948759
China,Exports_pct_GDP,2012,25.07670432956
China,Exports_pct_GDP,2013,24.1633430905854
China,Exports_pct_GDP,2014,23.0719766947263
China,Exports_pct_GDP,2015,20.9390642234326
China,Exports_pct_GDP,2016,19.2036507365412
China,Exports_pct_GDP,2017,19.3356301657728
China,Exports_pct_GDP,2018,18.770519802938
China,Exports_pct_GDP,2019,18.0557069597496
China,Exports_pct_GDP,2020,18.2035821684822
China,Exports_pct_GDP,2021,19.5262422245091
China,Exports_pct_GDP,2022,20.2977316914005
China,Exports_pct_GDP,2023,19.102471716101
China,Exports_pct_GDP,2024,20.0229166362049
Chile,Imports_pct_GDP,1960,15.4531719203081
Chile,Imports_pct_GDP,1961,15.1503289855211
Chile,Imports_pct_GDP,1962,12.4990052475001
Chile,Imports_pct_GDP,1963,14.4813209854908
Chile,Imports_pct_GDP,1964,13.0054547352575
Chile,Imports_pct_GDP,1965,12.4998994144838
Chile,Imports_pct_GDP,1966,13.2305036077149
Chile,Imports_pct_GDP,1967,12.7482529350559
Chile,Imports_pct_GDP,1968,12.928223287391
Chile,Imports_pct_GDP,1969,13.9029335539525
Chile,Imports_pct_GDP,1970,13.7929856493329
Chile,Imports_pct_GDP,1971,11.9071577214351
Chile,Imports_pct_GDP,1972,12.9175202354068
Chile,Imports_pct_GDP,1973,15.021111640386
Chile,Imports_pct_GDP,1974,18.8677511752827
Chile,Imports_pct_GDP,1975,25.923358919007
Chile,Imports_pct_GDP,1976,19.9501867093647
Chile,Imports_pct_GDP,1977,21.5475743392562
Chile,Imports_pct_GDP,1978,23.106810211322
Chile,Imports_pct_GDP,1979,25.0388912491044
Chile,Imports_pct_GDP,1980,25.9571089596973
Chile,Imports_pct_GDP,1981,25.7169252809264
Chile,Imports_pct_GDP,1982,21.0569974463748
Chile,Imports_pct_GDP,1983,21.1194422235557
Chile,Imports_pct_GDP,1984,24.0899983284355
Chile,Imports_pct_GDP,1985,24.0398404776303
Chile,Imports_pct_GDP,1986,24.3461205779226
Chile,Imports_pct_GDP,1987,25.4434311892634
Chile,Imports_pct_GDP,1988,25.849759175512
Chile,Imports_pct_GDP,1989,29.1124126998085
Chile,Imports_pct_GDP,1990,28.9966928543665
Chile,Imports_pct_GDP,1991,26.5226676793206
Chile,Imports_pct_GDP,1992,26.9466772202601
Chile,Imports_pct_GDP,1993,27.3687975536673
Chile,Imports_pct_GDP,1994,25.5546659744932
Chile,Imports_pct_GDP,1995,26.2068802957705
Chile,Imports_pct_GDP,1996,27.9703023918827
Chile,Imports_pct_GDP,1997,28.2212939075133
Chile,Imports_pct_GDP,1998,28.692597098159
Chile,Imports_pct_GDP,1999,26.3864959463912
Chile,Imports_pct_GDP,2000,28.5881692096046
Chile,Imports_pct_GDP,2001,30.2974557025949
Chile,Imports_pct_GDP,2002,30.2266315470858
Chile,Imports_pct_GDP,2003,30.6324450601049
Chile,Imports_pct_GDP,2004,30.2036105411816
Chile,Imports_pct_GDP,2005,31.8869622271093
Chile,Imports_pct_GDP,2006,29.8459608439284
Chile,Imports_pct_GDP,2007,31.8471728185062
Chile,Imports_pct_GDP,2008,39.5140654497826
Chile,Imports_pct_GDP,2009,29.5703961674697
Chile,Imports_pct_GDP,2010,31.8136858185424
Chile,Imports_pct_GDP,2011,34.7918625331617
Chile,Imports_pct_GDP,2012,34.3105523869584
Chile,Imports_pct_GDP,2013,33.0558243632138
Chile,Imports_pct_GDP,2014,32.6307251554113
Chile,Imports_pct_GDP,2015,30.1580309871985
Chile,Imports_pct_GDP,2016,28.1347029779502
Chile,Imports_pct_GDP,2017,27.6947821334076
Chile,Imports_pct_GDP,2018,29.6480058936791
Chile,Imports_pct_GDP,2019,29.7370868110317
Chile,Imports_pct_GDP,2020,26.8524733201136
Chile,Imports_pct_GDP,2021,32.8846110558597
Chile,Imports_pct_GDP,2022,39.5949894702167
Chile,Imports_pct_GDP,2023,29.9136616139086
Chile,Imports_pct_GDP,2024,30.1365360734052
China,Imports_pct_GDP,1960,3.15907926241091
China,Imports_pct_GDP,1961,2.80706829282533
China,Imports_pct_GDP,1962,2.38364492614407
China,Imports_pct_GDP,1963,2.38263514432009
China,Imports_pct_GDP,1964,2.47585068914239
China,Imports_pct_GDP,1965,2.71578402243841
China,Imports_pct_GDP,1966,2.8434414417019
China,Imports_pct_GDP,1967,2.62953634513186
China,Imports_pct_GDP,1968,2.59962183986494
China,Imports_pct_GDP,1969,2.1681126940581
China,Imports_pct_GDP,1970,2.37357459141631
China,Imports_pct_GDP,1971,2.23404264740857
China,Imports_pct_GDP,1972,2.56116672626638
China,Imports_pct_GDP,1973,3.78900729553575
China,Imports_pct_GDP,1974,5.34294538210084
China,Imports_pct_GDP,1975,5.10426507116579
China,Imports_pct_GDP,1976,4.76651170488208
China,Imports_pct_GDP,1977,4.59998549903361
China,Imports_pct_GDP,1978,8.18600249674338
China,Imports_pct_GDP,1979,8.69963744156603
China,Imports_pct_GDP,1980,11.406859455578
China,Imports_pct_GDP,1981,11.3239974113697
China,Imports_pct_GDP,1982,8.65682572319597
China,Imports_pct_GDP,1983,8.38717689396696
China,Imports_pct_GDP,1984,9.48780294916516
China,Imports_pct_GDP,1985,12.3530387153669
China,Imports_pct_GDP,1986,11.1488382505503
China,Imports_pct_GDP,1987,12.3537088445159
China,Imports_pct_GDP,1988,15.6556218739347
China,Imports_pct_GDP,1989,13.2380499616851
China,Imports_pct_GDP,1990,10.6377183627152
China,Imports_pct_GDP,1991,11.4279491835766
China,Imports_pct_GDP,1992,14.4338530320539
China,Imports_pct_GDP,1993,19.274644137231
China,Imports_pct_GDP,1994,17.1538856989073
China,Imports_pct_GDP,1995,16.2425229859567
China,Imports_pct_GDP,1996,15.8040407669576
China,Imports_pct_GDP,1997,14.9442817281513
China,Imports_pct_GDP,1998,13.9725131842671
China,Imports_pct_GDP,1999,15.2248474895742
China,Imports_pct_GDP,2000,18.3293431142068
China,Imports_pct_GDP,2001,18.0049595688389
China,Imports_pct_GDP,2002,19.8426189671605
China,Imports_pct_GDP,2003,24.4751062787292
China,Imports_pct_GDP,2004,28.0306177944035
China,Imports_pct_GDP,2005,27.9912771909315
China,Imports_pct_GDP,2006,28.0427329939926
China,Imports_pct_GDP,2007,26.3597683811527
China,Imports_pct_GDP,2008,24.6186193981779
China,Imports_pct_GDP,2009,20.0889926205716
China,Imports_pct_GDP,2010,23.1313270836509
China,Imports_pct_GDP,2011,23.7939443304884
China,Imports_pct_GDP,2012,22.4035087488717
China,Imports_pct_GDP,2013,21.7526982889717
China,Imports_pct_GDP,2014,20.9964797865269
China,Imports_pct_GDP,2015,17.7581206128298
China,Imports_pct_GDP,2016,16.9735199564368
China,Imports_pct_GDP,2017,17.6152224500872
China,Imports_pct_GDP,2018,18.1238645885338
China,Imports_pct_GDP,2019,17.1437133141341
China,Imports_pct_GDP,2020,15.8353686179759
China,Imports_pct_GDP,2021,16.9944489517585
China,Imports_pct_GDP,2022,17.1429881849654
China,Imports_pct_GDP,2023,17.0027206530128
China,Imports_pct_GDP,2024,17.1755035026016
Chile,GDP_growth_pct,1961,5.51961070344885
Chile,GDP_growth_pct,1962,3.93078479110629
Chile,GDP_growth_pct,1963,5.68667190016438
Chile,GDP_growth_pct,1964,2.46113427734542
Chile,GDP_growth_pct,1965,0.670838636062939
Chile,GDP_growth_pct,1966,11.4634218589357
Chile,GDP_growth_pct,1967,3.58811073177469
Chile,GDP_growth_pct,1968,3.57371701447551
Chile,GDP_growth_pct,1969,4.10317976748962
Chile,GDP_growth_pct,1970,1.69447257971353
Chile,GDP_growth_pct,1971,9.57107393842624
Chile,GDP_growth_pct,1972,-0.712365918422577
Chile,GDP_growth_pct,1973,-5.03775611682208
Chile,GDP_growth_pct,1974,1.2495800122858
Chile,GDP_growth_pct,1975,-12.2737621533613
Chile,GDP_growth_pct,1976,3.60469484521828
Chile,GDP_growth_pct,1977,11.1491944807539
Chile,GDP_growth_pct,1978,8.02682491365691
Chile,GDP_growth_pct,1979,8.43582175738598
Chile,GDP_growth_pct,1980,8.17228334347537
Chile,GDP_growth_pct,1981,6.71863895635887
Chile,GDP_growth_pct,1982,-11.5020620535762
Chile,GDP_growth_pct,1983,-4.9352297090374
Chile,GDP_growth_pct,1984,3.98371018713553
Chile,GDP_growth_pct,1985,3.55239860775048
Chile,GDP_growth_pct,1986,5.40556438635799
Chile,GDP_growth_pct,1987,6.73884253090458
Chile,GDP_growth_pct,1988,7.35081069623416
Chile,GDP_growth_pct,1989,10.3583568690228
Chile,GDP_growth_pct,1990,3.59872304691744
Chile,GDP_growth_pct,1991,7.75620189312957
Chile,GDP_growth_pct,1992,11.5019314370192
Chile,GDP_growth_pct,1993,6.6855844008042
Chile,GDP_growth_pct,1994,5.07680374667352
Chile,GDP_growth_pct,1995,9.25542757753573
Chile,GDP_growth_pct,1996,7.1148626270751
Chile,GDP_growth_pct,1997,7.3917392684331
Chile,GDP_growth_pct,1998,4.18088662700669
Chile,GDP_growth_pct,1999,-0.2736313981937
Chile,GDP_growth_pct,2000,4.9716214882971
Chile,GDP_growth_pct,2001,3.15403492459967
Chile,GDP_growth_pct,2002,3.20279913520113
Chile,GDP_growth_pct,2003,4.72324526861041
Chile,GDP_growth_pct,2004,6.67425416822923
Chile,GDP_growth_pct,2005,5.83704571917758
Chile,GDP_growth_pct,2006,6.04999082563968
Chile,GDP_growth_pct,2007,5.16823098528431
Chile,GDP_growth_pct,2008,3.78939280635238
Chile,GDP_growth_pct,2009,-1.11803723642878
Chile,GDP_growth_pct,2010,5.85165102224047
Chile,GDP_growth_pct,2011,6.22389678509138
Chile,GDP_growth_pct,2012,6.15534001855494
Chile,GDP_growth_pct,2013,3.30850824710085
Chile,GDP_growth_pct,2014,1.79264947139259
Chile,GDP_growth_pct,2015,2.15194249981184
Chile,GDP_growth_pct,2016,1.753038749071
Chile,GDP_growth_pct,2017,1.35769537343957
Chile,GDP_growth_pct,2018,3.99002947789977
Chile,GDP_growth_pct,2019,0.634367533828438
Chile,GDP_growth_pct,2020,-6.14347479224092
Chile,GDP_growth_pct,2021,11.3149204879049
Chile,GDP_growth_pct,2022,2.15399356192458
Chile,GDP_growth_pct,2023,0.521367977246825
Chile,GDP_growth_pct,2024,2.64431154871538
China,GDP_growth_pct,1961,-27.2700000038883
China,GDP_growth_pct,1962,-5.57999999019671
China,GDP_growth_pct,1963,10.2999999963989
China,GDP_growth_pct,1964,18.1799999938203
China,GDP_growth_pct,1965,16.9500000038699
China,GDP_growth_pct,1966,10.6499999984174
China,GDP_growth_pct,1967,-5.77000000405148
China,GDP_growth_pct,1968,-4.09999998647768
China,GDP_growth_pct,1969,16.9399999960609
China,GDP_growth_pct,1970,19.2999999967022
China,GDP_growth_pct,1971,7.05999999853672
China,GDP_growth_pct,1972,3.81000000021984
China,GDP_growth_pct,1973,7.76000000084325
China,GDP_growth_pct,1974,2.31000000294736
China,GDP_growth_pct,1975,8.71999999747992
China,GDP_growth_pct,1976,-1.57000000165326
China,GDP_growth_pct,1977,7.57000000138403
China,GDP_growth_pct,1978,11.3259779878892
China,GDP_growth_pct,1979,7.59132468000007
China,GDP_growth_pct,1980,7.83414501593799
China,GDP_growth_pct,1981,5.11276109058952
China,GDP_growth_pct,1982,9.05928417062999
China,GDP_growth_pct,1983,10.7273706842105
China,GDP_growth_pct,1984,15.2325609955089
China,GDP_growth_pct,1985,13.435474366529
China,GDP_growth_pct,1986,8.93506493506504
China,GDP_growth_pct,1987,11.6282225655699
China,GDP_growth_pct,1988,11.2225949825209
China,GDP_growth_pct,1989,4.20633435547828
China,GDP_growth_pct,1990,3.9416305983694
China,GDP_growth_pct,1991,9.36170212784847
China,GDP_growth_pct,1992,14.2996108947926
China,GDP_growth_pct,1993,13.9290780143689
China,GDP_growth_pct,1994,13.0727091631599
China,GDP_growth_pct,1995,11.0328121562746
China,GDP_growth_pct,1996,9.97619992053447
China,GDP_growth_pct,1997,9.2876465280865
China,GDP_growth_pct,1998,7.92079207933551
China,GDP_growth_pct,1999,7.7370030581299
China,GDP_growth_pct,2000,8.58643201808462
China,GDP_growth_pct,2001,8.31263887091522
China,GDP_growth_pct,2002,9.24339326638321
China,GDP_growth_pct,2003,10.1181928640117
China,GDP_growth_pct,2004,10.1314073631003
China,GDP_growth_pct,2005,11.458238455067
China,GDP_growth_pct,2006,12.6746751655235
China,GDP_growth_pct,2007,14.1499854947127
China,GDP_growth_pct,2008,9.67024588602851
China,GDP_growth_pct,2009,9.40269972778044
China,GDP_growth_pct,2010,10.5962719761682
China,GDP_growth_pct,2011,9.4613358870736
China,GDP_growth_pct,2012,7.85617427055587
China,GDP_growth_pct,2013,7.77872409446717
China,GDP_growth_pct,2014,7.46190028229434
China,GDP_growth_pct,2015,6.97878002657477
China,GDP_growth_pct,2016,6.77555562837017
China,GDP_growth_pct,2017,6.8912663621211
China,GDP_growth_pct,2018,6.75671800166833
China,GDP_growth_pct,2019,6.06850235053705
China,GDP_growth_pct,2020,2.34018843078414
China,GDP_growth_pct,2021,8.57008513166322
China,GDP_growth_pct,2022,3.1341888719577
China,GDP_growth_pct,2023,5.41484330099675
China,GDP_growth_pct,2024,4.9773565917572
