partner_name,2010,2011,2012,2013,2014,2015,2016,2017,2018,2019,2020,2021,2022,2023,2024
196,200741.787,97882.551,15185.0,3000.0,2891.25,3364.0,2539.0,0.0,2529.0,15411.97,0.0,2810.448,0.0,4384.6,6188.7
214,14268.0,10486.59,28030.0,21148.82,41939.84,28590.0,66243.0,30051.0,36450.0,26323.76,65484.02,10844.55,64227.13,83295.26,162206.75
251,1994200.126,1950346.112,2296785.0,2269332.918,2378878.67,1408259.0,2035764.0,1154801.0,1203341.0,1488827.84,1351995.23,1194515.465,896479.63,662491.01,631665.471
258,16264.133,272480.396,0.0,48064.66,15351.29,21870.0,40271.0,72926.0,61145.0,106957.15,30031.0,56519.27,69057.46,48035.1,167229.59
320,32765.6,19367.8,9814.0,21710.85,25886.09,32555.0,14315.0,32032.0,49112.0,32791.261,89532.577,83066.25,163640.51,56728.09,177504.1
372,26053.29,0.0,0.0,6142.3,89410.35,60735.0,29866.0,35671.0,9067.0,24777.6,0.0,167813.91,0.0,0.0,5025.7
620,127058.29,63524.5,3897.0,7871.3,0.0,6043.0,39631.0,21818.0,29550.0,0.0,26928.98,30536.0,37196.34,0.0,8862.67
64,0.0,0.0,0.0,0.0,0.0,0.0,0.0,0.0,0.0,0.0,0.0,0.0,0.0,0.0,132435.98
68,180820.377,113461.144,233256.0,212840.35,362815.89,313988.0,473108.0,519973.0,567581.0,630729.04,844077.702,1930375.143,1082568.96,1060419.78,1113284.86
699,166108.44,466343.091,592191.0,304129.37,301074.922,125954.0,245435.0,208931.0,508284.0,821700.868,1066448.08,2252611.608,2982308.72,2680292.165,4834944.84
862,657694.015,1791452.792,907522.0,866119.73,25731.0,3840.0,0.0,0.0,0.0,206950.19,104476.38,211285.59,419801.06,245140.12,698835.32
899,111516.87,176099.35,192499.0,292039.01,154825.8,158943.0,207471.0,72448.0,80088.0,36967.0,88108.86,36723.77,67759.79,224901.21,63114.0
Anguilla,0.0,0.0,0.0,0.0,0.0,0.0,0.0,0.0,106344.0,81800.9,181413.51,333288.379,354701.33,142225.45,225188.92
Argentina,36800.0,22400.0,20880.0,5504.0,36610.92,0.0,0.0,0.0,0.0,41568.0,23296.0,335004.46,554514.41,538503.36,82280.26
Belgium,140239.51,115887.44,71740.0,9734.99,29668.75,0.0,0.0,647661.0,0.0,323343.17,410976.16,163943.312,248557.31,107378.4,158381.98
Brazil,12395359.602,14260304.112,12492254.0,15327076.09,10775438.39,10071624.0,11131235.0,11056919.0,9685856.0,12319986.895,10315206.366,10725258.617,10379351.06,15586032.0,18176713.45
Cambodia,0.0,0.0,0.0,0.0,0.0,1680.0,41649.0,61269.0,37026.0,433699.74,359917.114,550571.941,387989.59,282253.8,520366.994
Canada,3376118.063,1397627.435,1126529.0,778037.126,1029634.54,599035.0,947081.0,1647952.0,1727262.0,2077760.56,3028235.519,4119645.559,4071701.37,4276852.68,4703336.15
China,37168042.216,95066409.67,187955442.0,261595090.582,443019548.068,420629693.0,729387975.0,481176153.0,1009955420.0,1464206647.599,1457283800.037,1484980063.998,2001322142.333,2226862474.464,3244850899.593
Colombia,817987.041,927153.815,1104097.0,833495.07,550814.61,496576.0,289101.0,206594.0,589940.0,528202.414,613041.97,679738.023,715444.272,668439.9,577865.45
Costa Rica,81129.38,63795.87,49223.0,47899.05,40802.31,29141.0,23662.0,43253.0,63912.0,82500.09,62330.52,61111.1,110491.0,212692.03,251257.17
Ecuador,1724880.04,1735220.243,2246288.0,2037035.86,2394761.31,1769178.0,1856372.0,1627723.0,4318720.0,4119410.87,3654108.744,6511941.223,4544801.56,3581745.52,5606295.621
Germany,1582589.52,1057979.54,1499335.0,1086208.46,1123233.1,395606.0,883460.0,761016.0,655276.0,931421.076,553057.0,388780.078,764471.69,487697.92,959566.44
Hong Kong,67090904.455,99257428.223,58914653.0,24901169.758,30376292.798,14135958.0,15200339.0,9816200.0,12924815.0,5378311.89,3251755.152,3704642.159,10234657.399,8413342.01,5744874.365
Indonesia,38939.003,123210.29,27378.0,24327.1,25282.53,24033.0,10119.0,0.0,0.0,0.0,0.0,155884.6,128892.36,225535.2,67764.8
Italy,1792945.112,1532842.515,1126028.0,1178119.349,972215.38,795456.0,1080681.0,567969.0,861110.0,1089119.745,528464.71,471063.424,403327.87,596548.88,813708.03
Japan,250265.051,384403.472,305206.0,0.0,92326.2,248851.0,99954.0,347154.0,149124.0,441480.87,681380.116,1569502.685,1864285.18,1623955.5,2100272.771
Malaysia,213682.805,442185.82,423588.0,412065.77,317492.59,98730.0,149869.0,105880.0,117972.0,62499.37,80388.29,364008.769,333566.46,156412.57,100486.802
Mexico,1381588.17,1529218.2,1138883.0,1557647.15,944107.95,513552.0,1024284.0,1016515.0,819431.0,607834.84,906469.84,1298152.313,1643343.47,2765392.28,4794240.41
Netherlands,5154084.367,5898599.702,5428172.0,5505330.713,8135212.427,2902458.0,2861479.0,2149468.0,2192814.0,2777359.46,2090473.57,4393660.791,6693587.13,3064901.32,4227104.67
Panama,61586.509,62309.16,106445.0,79983.27,136383.11,115058.0,185039.0,192572.0,142012.0,184850.43,177111.21,260623.556,225276.48,213800.73,283163.23
Peru,94071.941,214226.615,203135.0,105226.29,223916.173,162300.0,204535.0,344420.0,644491.0,765467.49,182556.0,286588.084,1037570.69,490187.677,610369.08
Philippines,148552.718,251129.462,360612.0,384940.09,410997.34,463203.0,843137.0,516140.0,759445.0,1062112.273,1123613.339,956791.917,1182411.03,813923.12,1131962.144
Poland,0.0,0.0,130244.0,0.0,0.0,0.0,0.0,0.0,0.0,0.0,0.0,0.0,0.0,0.0,0.0
Russia,1220163.448,1507457.04,925887.0,456979.6,811939.77,492386.0,814107.0,709423.0,937921.0,1315090.765,1371785.988,1524532.024,1399977.78,808469.58,666364.34
Saudi Arabia,448490.37,540944.7,486696.0,259560.22,431852.76,158892.0,441418.0,472008.0,425726.0,424570.92,349675.81,606055.335,318360.4,493706.4,588676.98
Singapore,1107026.242,1386038.374,1102043.0,739107.12,521624.4,404503.0,480587.0,229256.0,561262.0,1213759.09,320392.074,535441.908,837030.97,940758.77,450953.185
South Korea,0.0,33339.0,0.0,7779.3,61461.9,133296.0,6648699.0,8791380.0,22243190.0,32993494.658,25120013.167,42208398.628,36396723.106,28547134.714,34456567.643
Spain,7483094.988,6303212.68,4552097.0,2775683.43,3616973.954,1818814.0,2664545.0,1731691.0,2785741.0,2386897.939,2548244.899,4393848.007,4730185.955,5299274.02,7269669.51
Taiwan,22250527.532,27540523.089,22431612.0,16493420.529,25778310.799,14587066.0,17363953.0,12661325.0,17723202.0,19172331.363,16299655.505,28263691.361,33537331.225,27190500.973,37874435.837
Thailand,1219042.55,2114903.739,2692487.0,2188240.002,2851041.602,2554788.0,5302674.0,2960103.0,5443388.0,8528824.814,7757608.424,7126093.187,8820010.741,10875336.71,12123562.475
UAE,148758.34,600025.524,397336.0,506646.438,310295.67,263791.0,289510.0,207131.0,124491.0,311057.83,395939.41,889927.09,474603.14,821049.96,448257.542
UK,9564303.25,12134247.678,12649721.0,8277000.331,11564389.059,7983092.0,10372737.0,6700947.0,8227751.0,11642550.223,9673761.749,15330321.791,9603478.38,9040471.355,15271017.06
USA,74974504.864,83458331.558,49424704.0,39131485.466,42549529.855,31927870.0,36028997.0,23414004.0,24832339.0,28010355.52,27021751.042,46636895.202,59909701.164,80387764.932,89991390.429
Uruguay,177115.825,100490.02,152061.0,138214.6,129149.59,97684.0,136696.0,102103.0,92918.0,74762.0,29072.0,104650.687,98658.0,105701.0,143332.08
Vietnam,61579.85,144048.72,262814.0,298735.95,684899.51,553331.0,483057.0,0.0,0.0,0.0,74605.2,1924070.782,5752158.87,6958686.48,11453601.684
